era,ticker,sharpe,bar,dsr,survives,buy_hold,beats_bh
1995-2009,SPY,0.79,0.77,0.53,False,0.471,True
2010-2026,SPY,0.888,0.645,0.835,False,0.859,True
1995-2009,QQQ,0.773,0.735,0.555,False,0.149,True
2010-2026,QQQ,1.021,0.565,0.967,True,0.942,True
1995-2009,IWM,0.658,0.709,0.438,False,0.301,True
2010-2026,IWM,0.556,0.521,0.606,False,0.576,False
1995-2009,DIA,0.572,0.806,0.199,False,0.312,True
2010-2026,DIA,0.692,0.482,0.801,False,0.792,False
1995-2009,MDY,0.66,0.651,0.513,False,0.551,True
2010-2026,MDY,0.592,0.656,0.399,False,0.64,False
1995-2009,VTI,0.805,0.807,0.498,False,0.198,True
2010-2026,VTI,0.874,0.681,0.78,False,0.833,True
1995-2009,XLF,0.558,0.719,0.184,False,0.117,True
2010-2026,XLF,0.751,0.566,0.775,False,0.616,True
1995-2009,XLE,0.982,0.685,0.891,False,0.471,True
2010-2026,XLE,0.474,0.591,0.317,False,0.429,True
1995-2009,XLK,0.812,0.583,0.803,False,0.08,True
2010-2026,XLK,0.891,0.691,0.832,False,0.929,False
1995-2009,XLV,0.341,0.56,0.23,False,0.254,True
2010-2026,XLV,0.641,0.486,0.735,False,0.805,False
1995-2009,XLI,0.39,0.447,0.425,False,0.254,True
2010-2026,XLI,0.706,0.578,0.698,False,0.746,False
1995-2009,XLP,0.546,1.102,0.032,False,0.193,True
2010-2026,XLP,0.546,0.718,0.243,False,0.754,False
1995-2009,XLY,0.532,0.678,0.315,False,0.222,True
2010-2026,XLY,0.741,0.491,0.863,False,0.752,False
1995-2009,XLU,0.771,0.643,0.664,False,0.284,True
2010-2026,XLU,0.515,0.432,0.632,False,0.616,False
1995-2009,XLB,0.415,0.692,0.18,False,0.374,True
2010-2026,XLB,0.484,0.505,0.434,False,0.517,False
1995-2009,EFA,1.027,1.038,0.487,False,0.333,True
2010-2026,EFA,0.552,0.729,0.239,False,0.455,True
1995-2009,EEM,1.14,0.668,0.888,False,0.746,True
2010-2026,EEM,0.589,0.46,0.771,False,0.33,True
1995-2009,EWJ,0.871,0.728,0.739,False,0.059,True
2010-2026,EWJ,0.476,0.719,0.163,False,0.485,False
1995-2009,EWG,0.682,0.712,0.457,False,0.358,True
2010-2026,EWG,0.596,0.545,0.592,False,0.378,True
1995-2009,EWU,1.089,0.97,0.711,False,0.348,True
2010-2026,EWU,0.576,0.559,0.556,False,0.405,True
1995-2009,EWZ,1.22,0.967,0.779,False,0.616,True
2010-2026,EWZ,0.44,0.349,0.644,False,0.162,True
1995-2009,EWY,0.934,0.719,0.769,False,0.444,True
2010-2026,EWY,0.537,0.359,0.765,False,0.479,True
1995-2009,FXI,1.314,0.817,0.912,False,0.617,True
2010-2026,FXI,0.627,0.44,0.901,False,0.171,True
1995-2009,TLT,0.545,0.611,0.422,False,0.528,True
2010-2026,TLT,0.471,0.443,0.552,False,0.231,True
1995-2009,IEF,0.727,0.771,0.452,False,0.8,False
2010-2026,IEF,0.586,0.865,0.126,False,0.4,True
1995-2009,SHY,1.596,2.998,0.0,False,1.78,False
2010-2026,SHY,1.201,2.903,0.0,False,1.002,True
1995-2009,LQD,0.87,0.912,0.455,False,0.654,True
2010-2026,LQD,0.59,0.833,0.165,False,0.522,True
2010-2026,HYG,0.743,1.131,0.059,False,0.656,True
1995-2009,TIP,0.718,0.968,0.269,False,0.728,False
2010-2026,TIP,0.552,0.907,0.074,False,0.506,True
1995-2009,GLD,1.085,0.856,0.694,False,0.883,True
2010-2026,GLD,0.616,0.701,0.367,False,0.548,True
1995-2009,SLV,0.648,0.7,0.461,False,0.325,True
2010-2026,SLV,0.521,0.606,0.367,False,0.397,True
1995-2009,USO,0.863,1.221,0.244,False,-0.156,True
2010-2026,USO,0.357,0.567,0.196,False,0.063,True
2010-2026,DBA,0.392,0.453,0.403,False,0.159,True
1995-2009,DBC,0.841,1.117,0.293,False,0.21,True
2010-2026,DBC,0.503,0.804,0.007,False,0.237,True
2010-2026,MTUM,0.949,0.608,0.928,False,0.828,True
2010-2026,VLUE,0.814,0.747,0.597,False,0.78,True
2010-2026,QUAL,0.871,0.793,0.609,False,0.829,True
2010-2026,USMV,0.77,0.797,0.459,False,0.89,False
2010-2026,SPLV,0.602,0.816,0.204,False,0.717,False
1980-1994,AAPL,0.706,0.664,0.562,False,0.401,True
1995-2009,AAPL,0.781,0.539,0.81,False,0.663,True
2010-2026,AAPL,1.025,0.63,0.947,False,0.986,True
1980-1994,MSFT,1.195,0.669,0.926,False,1.237,False
1995-2009,MSFT,0.724,0.355,0.95,False,0.607,True
2010-2026,MSFT,0.877,0.65,0.82,False,0.836,True
1962-1979,JNJ,1.338,0.956,0.97,True,0.634,True
1980-1994,JNJ,0.789,0.676,0.667,False,0.768,True
1995-2009,JNJ,0.687,0.562,0.691,False,0.641,True
2010-2026,JNJ,0.574,0.529,0.6,False,0.759,False
1962-1979,PG,0.495,0.544,0.416,False,0.375,True
1980-1994,PG,0.677,0.64,0.554,False,0.814,False
1995-2009,PG,0.668,0.709,0.437,False,0.562,True
2010-2026,PG,0.443,0.819,0.057,False,0.556,False
1962-1979,KO,0.712,0.618,0.655,False,0.478,True
1980-1994,KO,0.943,0.631,0.881,False,1.015,False
1995-2009,KO,0.515,0.413,0.702,False,0.41,True
2010-2026,KO,0.615,0.589,0.541,False,0.659,False
1962-1979,XOM,0.777,0.74,0.562,False,0.62,True
1980-1994,XOM,0.978,0.923,0.569,False,0.859,True
1995-2009,XOM,1.135,1.002,0.72,False,0.602,True
2010-2026,XOM,0.461,0.619,0.26,False,0.48,False
1962-1979,GE,0.468,0.436,0.554,False,0.329,True
1980-1994,GE,0.79,0.542,0.833,False,0.877,False
1995-2009,GE,0.684,0.52,0.745,False,0.359,True
2010-2026,GE,0.886,0.713,0.76,False,0.494,True
1962-1979,IBM,0.742,0.671,0.618,False,0.38,True
1980-1994,IBM,0.554,0.517,0.556,False,0.331,True
1995-2009,IBM,0.768,0.382,0.936,False,0.603,True
2010-2026,IBM,0.555,0.464,0.643,False,0.407,True
1962-1979,WMT,0.873,1.048,0.302,False,0.453,True
1980-1994,WMT,1.185,0.892,0.883,False,1.137,True
1995-2009,WMT,0.774,0.762,0.52,False,0.548,True
2010-2026,WMT,0.613,0.558,0.589,False,0.735,False
1980-1994,JPM,0.808,0.702,0.672,False,0.493,True
1995-2009,JPM,0.472,0.485,0.462,False,0.476,False
2010-2026,JPM,0.767,0.525,0.838,False,0.689,True
