ticker,buy_hold,bps_0,bps_1,bps_2,bps_5,bps_10,bps_20,bps_50
SPY,0.648,0.808,0.806,0.805,0.801,0.793,0.778,0.733
QQQ,0.516,0.871,0.856,0.841,0.795,0.718,0.65,0.631
IWM,0.466,0.534,0.53,0.526,0.513,0.492,0.451,0.338
DIA,0.56,0.567,0.537,0.53,0.508,0.483,0.466,0.421
MDY,0.597,0.603,0.601,0.599,0.595,0.587,0.572,0.525
VTI,0.585,0.803,0.795,0.786,0.76,0.747,0.723,0.69
XLF,0.348,0.512,0.51,0.509,0.505,0.499,0.486,0.446
XLE,0.45,0.524,0.523,0.523,0.521,0.517,0.511,0.491
XLK,0.514,0.905,0.889,0.873,0.826,0.746,0.649,0.628
XLV,0.557,0.576,0.545,0.513,0.419,0.322,0.295,0.239
XLI,0.529,0.526,0.523,0.52,0.512,0.503,0.485,0.431
XLP,0.5,0.596,0.563,0.534,0.467,0.455,0.431,0.384
XLY,0.508,0.668,0.649,0.629,0.571,0.525,0.511,0.471
XLU,0.464,0.571,0.57,0.569,0.567,0.563,0.555,0.53
XLB,0.451,0.415,0.412,0.41,0.401,0.386,0.357,0.263
EFA,0.406,0.659,0.653,0.647,0.63,0.601,0.546,0.499
EEM,0.487,0.636,0.626,0.622,0.609,0.588,0.545,0.467
EWJ,0.247,0.601,0.583,0.565,0.512,0.423,0.331,0.301
EWG,0.368,0.503,0.5,0.496,0.486,0.469,0.447,0.401
EWU,0.375,0.626,0.595,0.563,0.531,0.485,0.394,0.338
EWZ,0.358,0.641,0.638,0.636,0.628,0.615,0.589,0.511
EWY,0.456,0.626,0.624,0.623,0.62,0.614,0.602,0.566
FXI,0.319,0.685,0.672,0.66,0.624,0.571,0.544,0.459
TLT,0.312,0.597,0.576,0.555,0.491,0.422,0.394,0.308
IEF,0.533,0.605,0.598,0.591,0.57,0.535,0.464,0.264
SHY,1.285,1.396,1.377,1.358,1.317,1.277,1.197,0.94
LQD,0.569,0.808,0.763,0.718,0.604,0.53,0.458,0.269
HYG,0.493,0.773,0.77,0.766,0.755,0.737,0.701,0.589
TIP,0.575,0.605,0.596,0.588,0.564,0.536,0.505,0.412
GLD,0.645,0.728,0.726,0.724,0.719,0.709,0.69,0.654
SLV,0.386,0.514,0.503,0.491,0.455,0.425,0.408,0.358
USO,0.022,0.354,0.344,0.334,0.31,0.298,0.275,0.213
DBA,0.176,0.419,0.386,0.383,0.376,0.364,0.34,0.272
DBC,0.233,0.493,0.485,0.48,0.475,0.467,0.451,0.402
MTUM,0.828,1.04,1.022,1.004,0.949,0.858,0.731,0.689
VLUE,0.78,0.824,0.822,0.82,0.814,0.804,0.784,0.722
QUAL,0.829,0.879,0.878,0.876,0.871,0.863,0.847,0.796
USMV,0.89,0.805,0.798,0.791,0.77,0.741,0.72,0.679
SPLV,0.717,0.611,0.609,0.608,0.602,0.594,0.577,0.526
AAPL,0.629,0.739,0.736,0.733,0.725,0.711,0.684,0.628
MSFT,0.838,0.763,0.75,0.738,0.734,0.729,0.719,0.691
JNJ,0.686,0.633,0.631,0.63,0.626,0.619,0.605,0.564
PG,0.574,0.567,0.564,0.561,0.552,0.537,0.507,0.416
KO,0.63,0.583,0.582,0.581,0.578,0.574,0.564,0.534
XOM,0.622,0.676,0.662,0.648,0.616,0.601,0.592,0.57
GE,0.487,0.651,0.647,0.642,0.629,0.607,0.562,0.497
IBM,0.435,0.506,0.492,0.478,0.435,0.364,0.341,0.287
WMT,0.726,0.668,0.665,0.663,0.655,0.643,0.619,0.589
JPM,0.533,0.481,0.477,0.474,0.465,0.458,0.444,0.402
