ticker,winner,sharpe,bar,dsr,survives,buy_hold,sharpe_oos,bh_oos,beats_bh_oos,positive_oos
SPY,sma_crossover_ls,0.46,0.33,0.776,False,0.65,0.08,0.86,False,True
QQQ,sma_crossover_ls,0.48,0.32,0.795,False,0.52,0.31,0.98,False,True
IWM,rsi_symmetric,0.23,0.26,0.43,False,0.47,-0.11,0.52,False,False
DIA,rsi_symmetric,0.33,0.26,0.666,False,0.56,-0.16,0.82,False,False
XLF,rsi_symmetric,0.38,0.36,0.558,False,0.35,-0.23,0.7,False,False
XLE,rsi_symmetric,0.45,0.34,0.857,False,0.45,-0.49,0.42,False,False
XLK,rsi_symmetric,0.58,0.41,0.828,False,0.51,0.26,0.99,False,True
GLD,sma_crossover_ls,0.48,0.75,0.112,False,0.65,0.46,0.79,False,True
TLT,rsi_symmetric,0.39,0.36,0.556,False,0.31,0.37,0.06,True,True
AAPL,donchian_channel,0.43,0.62,0.097,False,0.63,-0.18,1.08,False,False
