source,trials,best_sharpe,predicted_gain,actual_gain
real prices,1,0.427,0.0,-0.022
real prices,2,0.598,0.151,0.149
real prices,3,0.656,0.248,0.207
real prices,5,0.71,0.347,0.261
real prices,8,0.737,0.425,0.289
real prices,12,0.753,0.484,0.305
real prices,20,0.767,0.553,0.318
real prices,30,0.783,0.603,0.334
real prices,43,0.801,0.645,0.352
scrambled,1,0.249,0.0,-0.008
scrambled,2,0.409,0.137,0.152
scrambled,3,0.468,0.224,0.21
scrambled,5,0.513,0.314,0.256
scrambled,8,0.538,0.384,0.281
scrambled,12,0.56,0.438,0.303
scrambled,20,0.584,0.5,0.326
scrambled,30,0.612,0.545,0.355
scrambled,43,0.636,0.583,0.378
