ticker,real_best,random_best_mean,random_best_max,real_wins,real_beats_all_random
SPY,0.801,0.469,0.581,True,True
QQQ,0.795,0.458,0.724,True,True
IWM,0.513,0.424,0.512,True,True
DIA,0.508,0.445,0.567,True,False
MDY,0.595,0.483,0.615,True,False
VTI,0.76,0.485,0.713,True,True
XLF,0.505,0.396,0.597,True,False
XLE,0.521,0.462,0.633,True,False
XLK,0.826,0.462,0.648,True,True
XLV,0.419,0.398,0.521,True,False
XLI,0.512,0.431,0.604,True,False
XLP,0.467,0.336,0.447,True,True
XLY,0.571,0.435,0.58,True,False
XLU,0.567,0.373,0.489,True,True
XLB,0.401,0.417,0.514,False,False
EFA,0.63,0.408,0.579,True,True
EEM,0.609,0.426,0.583,True,True
EWJ,0.512,0.3,0.442,True,True
EWG,0.486,0.367,0.562,True,False
EWU,0.531,0.313,0.5,True,True
EWZ,0.628,0.414,0.804,True,False
EWY,0.62,0.425,0.587,True,True
FXI,0.624,0.421,0.62,True,True
TLT,0.491,0.276,0.413,True,True
IEF,0.57,0.095,0.191,True,True
SHY,1.317,-1.254,-1.099,True,True
LQD,0.604,0.214,0.421,True,True
HYG,0.755,0.307,0.619,True,True
TIP,0.564,0.07,0.222,True,True
GLD,0.719,0.506,0.705,True,True
SLV,0.455,0.484,0.622,False,False
USO,0.31,0.363,0.504,False,False
DBA,0.376,0.282,0.432,True,False
DBC,0.475,0.392,0.547,True,False
MTUM,0.949,0.783,0.942,True,True
VLUE,0.814,0.702,1.169,True,False
QUAL,0.871,0.71,0.901,True,False
USMV,0.77,0.688,0.904,True,False
SPLV,0.602,0.622,0.927,False,False
AAPL,0.725,0.511,0.608,True,True
MSFT,0.734,0.6,0.685,True,True
JNJ,0.626,0.416,0.483,True,True
PG,0.552,0.333,0.434,True,True
KO,0.578,0.383,0.501,True,True
XOM,0.616,0.346,0.446,True,True
GE,0.629,0.346,0.424,True,True
IBM,0.435,0.294,0.419,True,True
WMT,0.655,0.503,0.631,True,True
JPM,0.465,0.411,0.528,True,False
