ticker,group,years,winner,sharpe,bar,dsr,survives,buy_hold,beats_bh,pbo
SPY,US broad,33.6,sma_crossover,0.8,0.65,0.807,False,0.65,True,0.175
QQQ,US broad,27.5,rsi_oversold,0.8,0.52,0.945,False,0.52,True,0.286
IWM,US broad,26.3,sma_crossover,0.51,0.52,0.495,False,0.47,True,0.321
DIA,US broad,28.6,rsi_oversold,0.51,0.53,0.457,False,0.56,False,0.718
MDY,US broad,31.3,sma_crossover,0.59,0.61,0.471,False,0.6,False,0.159
VTI,US broad,25.2,time_series_momentum,0.76,0.67,0.672,False,0.59,True,0.02
XLF,US sectors,27.7,sma_crossover,0.51,0.49,0.534,False,0.35,True,0.611
XLE,US sectors,27.7,sma_crossover,0.52,0.49,0.565,False,0.45,True,0.504
XLK,US sectors,27.7,rsi_oversold,0.83,0.53,0.964,True,0.51,True,0.226
XLV,US sectors,27.7,rsi_oversold,0.42,0.41,0.525,False,0.56,False,0.635
XLI,US sectors,27.7,sma_crossover,0.51,0.49,0.552,False,0.53,False,0.369
XLP,US sectors,27.7,sma_crossover,0.47,0.84,0.024,False,0.5,False,0.587
XLY,US sectors,27.7,rsi_oversold,0.57,0.45,0.745,False,0.51,True,0.472
XLU,US sectors,27.7,sma_crossover,0.57,0.45,0.723,False,0.46,True,0.429
XLB,US sectors,27.7,rsi_oversold,0.4,0.55,0.136,False,0.45,False,0.421
EFA,International,25.0,time_series_momentum,0.63,0.75,0.278,False,0.41,True,0.425
EEM,International,23.4,rsi_oversold,0.61,0.45,0.881,False,0.49,True,0.619
EWJ,International,30.5,rsi_oversold,0.51,0.66,0.207,False,0.25,True,0.607
EWG,International,30.5,sma_crossover,0.49,0.57,0.327,False,0.37,True,0.23
EWU,International,30.5,rsi_oversold,0.53,0.68,0.154,False,0.37,True,0.615
EWZ,International,26.1,sma_crossover,0.63,0.4,0.877,False,0.36,True,0.48
EWY,International,26.3,sma_crossover,0.62,0.43,0.829,False,0.46,True,0.619
FXI,International,21.9,rsi_oversold,0.62,0.49,0.746,False,0.32,True,0.298
TLT,Fixed income,24.1,rsi_oversold,0.49,0.42,0.652,False,0.31,True,0.19
IEF,Fixed income,24.1,sma_crossover,0.57,0.83,0.103,False,0.53,True,0.135
SHY,Fixed income,24.1,sma_crossover,1.32,2.93,0.0,False,1.29,True,0.0
LQD,Fixed income,24.1,time_series_momentum,0.6,0.84,0.128,False,0.57,True,0.048
HYG,Fixed income,19.4,sma_crossover,0.76,0.92,0.241,False,0.49,True,0.183
TIP,Fixed income,22.7,sma_crossover,0.56,0.93,0.043,False,0.57,False,0.012
GLD,Commodities,21.8,sma_crossover,0.72,0.72,0.507,False,0.65,True,0.079
SLV,Commodities,20.4,donchian_breakout,0.46,0.58,0.294,False,0.39,True,0.433
USO,Commodities,20.4,sma_crossover,0.31,0.6,0.093,False,0.02,True,0.528
DBA,Commodities,19.7,sma_crossover,0.38,0.32,0.605,False,0.18,True,0.774
DBC,Commodities,20.6,sma_crossover,0.48,0.75,0.11,False,0.23,True,0.615
MTUM,Factors,13.4,rsi_oversold,0.95,0.61,0.928,False,0.83,True,0.306
VLUE,Factors,13.4,sma_crossover,0.81,0.75,0.597,False,0.78,True,0.607
QUAL,Factors,13.1,sma_crossover,0.87,0.79,0.609,False,0.83,True,0.452
USMV,Factors,14.9,time_series_momentum,0.77,0.8,0.459,False,0.89,False,0.413
SPLV,Factors,15.3,sma_crossover,0.6,0.82,0.204,False,0.72,False,0.702
AAPL,Large caps,45.8,sma_crossover,0.73,0.53,0.91,False,0.63,True,0.056
MSFT,Large caps,40.5,sma_crossover,0.73,0.4,0.981,True,0.84,False,0.77
JNJ,Large caps,64.6,sma_crossover,0.63,0.43,0.944,False,0.69,False,0.119
PG,Large caps,64.6,time_series_momentum,0.55,0.48,0.722,False,0.57,False,0.024
KO,Large caps,64.6,sma_crossover,0.58,0.44,0.871,False,0.63,False,0.036
XOM,Large caps,64.6,time_series_momentum,0.62,0.6,0.534,False,0.62,False,0.079
GE,Large caps,64.6,time_series_momentum,0.63,0.43,0.941,False,0.49,True,0.131
IBM,Large caps,64.6,time_series_momentum,0.44,0.29,0.872,False,0.43,True,0.246
WMT,Large caps,54.1,time_series_momentum,0.66,0.53,0.819,False,0.73,False,0.258
JPM,Large caps,46.5,sma_crossover,0.47,0.38,0.718,False,0.53,False,0.286
