ticker,chosen_on_1st_half,sharpe_is,sharpe_oos,buy_hold_oos,vs_bh,decay,still_picked_oos
SPY,sma_crossover,0.83,0.67,0.86,-0.19,-0.16,False
QQQ,rsi_oversold,0.75,0.95,0.98,-0.03,0.2,False
IWM,sma_crossover,0.71,0.3,0.52,-0.22,-0.41,False
DIA,rsi_oversold,0.53,0.26,0.82,-0.56,-0.28,False
XLF,rsi_oversold,0.55,0.22,0.7,-0.49,-0.33,False
XLE,bollinger_reversion,0.67,-0.43,0.42,-0.85,-1.1,False
XLK,rsi_oversold,0.81,0.89,0.99,-0.11,0.08,False
GLD,sma_crossover,0.7,0.71,0.79,-0.08,0.01,False
TLT,rsi_oversold,0.59,0.44,0.06,0.37,-0.15,True
AAPL,sma_crossover,0.52,1.07,1.08,-0.01,0.55,False
